[
  {
    "title": "ULTRASOUND-ECHOCARDIOGRAPHY",
    "items": [
      {
        "id": 1,
        "name": "Adult Echocardiography",
        "value": ""
      },
      {
        "id": 2,
        "name": "Pediatric Echocardiography",
        "value": ""
      },
      {
        "id": 3,
        "name": "Fetal Echocardiography ",
        "value": ""
      },
      {
        "id": 4,
        "name": "Trauma Echocardiography",
        "value": ""
      },
      {
        "id": 5,
        "name": "Stress Echocardiography",
        "value": ""
      },
      {
        "id": 6,
        "name": "Treadmill Testing",
        "value": ""
      },
      {
        "id": 7,
        "name": "Dobutamine ",
        "value": ""
      },
      {
        "id": 8,
        "name": "Pharmacologic Stress Echo",
        "value": ""
      },
      {
        "id": 9,
        "name": "Transesophageal Echocardiography (TEE)",
        "value": ""
      },
      {
        "id": 10,
        "name": "Intraoperative Echocardiography",
        "value": ""
      },
      {
        "id": 11,
        "name": "Contrast Echocardiography",
        "value": ""
      },
      {
        "id": 12,
        "name": "Myocardial Contrast",
        "value": ""
      },
      {
        "id": 13,
        "name": "Echo-Guided Procedures",
        "value": ""
      },
      {
        "id": 14,
        "name": "Plethysmography",
        "value": ""
      },
      {
        "id": 15,
        "name": "Doppler Vascular Procedures",
        "value": ""
      },
      {
        "id": 16,
        "name": "Pressure Measurements",
        "value": ""
      },
      {
        "id": 17,
        "name": "Two-Dimensional Mode",
        "value": ""
      },
      {
        "id": 18,
        "name": "Three-Dimensional Mode",
        "value": ""
      },
      {
        "id": 19,
        "name": "M-Mode",
        "value": ""
      },
      {
        "id": 20,
        "name": "Ped Off Probe",
        "value": ""
      },
      {
        "id": 21,
        "name": "Pulsed Wave Doppler",
        "value": ""
      },
      {
        "id": 22,
        "name": "Continuous Wave Doppler",
        "value": ""
      },
      {
        "id": 23,
        "name": "Color Doppler Mapping",
        "value": ""
      },
      {
        "id": 24,
        "name": "Portable Studies",
        "value": ""
      },
      {
        "id": 25,
        "name": "Invasive Procedure Guidance",
        "value": ""
      },
      {
        "id": 26,
        "name": "EKG/ECG",
        "value": ""
      },
      {
        "id": 27,
        "name": "Parasternal Long Axis View",
        "value": ""
      },
      {
        "id": 28,
        "name": "RVIT",
        "value": ""
      },
      {
        "id": 29,
        "name": "RVOT",
        "value": ""
      },
      {
        "id": 30,
        "name": "Parasternal Short Axis View",
        "value": ""
      },
      {
        "id": 31,
        "name": "4 Chamber View",
        "value": ""
      },
      {
        "id": 32,
        "name": "2 Chamber View",
        "value": ""
      },
      {
        "id": 33,
        "name": "Apical Long",
        "value": ""
      },
      {
        "id": 34,
        "name": "Subcostal View",
        "value": ""
      },
      {
        "id": 35,
        "name": "Subcostal Short Axis of RV Inflow and Outflow",
        "value": ""
      },
      {
        "id": 36,
        "name": "IVC",
        "value": ""
      },
      {
        "id": 37,
        "name": "Hepatic Veins",
        "value": ""
      },
      {
        "id": 38,
        "name": "Abdominal Aorta",
        "value": ""
      },
      {
        "id": 39,
        "name": "Suprasternal Notch",
        "value": ""
      },
      {
        "id": 40,
        "name": "Simpson’s Rule",
        "value": ""
      },
      {
        "id": 41,
        "name": "Proximal Isovelocity Surface Area",
        "value": ""
      },
      {
        "id": 42,
        "name": "Diastolgy with TDI",
        "value": ""
      },
      {
        "id": 43,
        "name": "Continuity Equation",
        "value": ""
      }
    ]
  },
  {
    "title": "PEDIATRIC ECHO",
    "items": [
      {
        "id": 1,
        "name": "Two-Dimensional Mode",
        "value": ""
      },
      {
        "id": 2,
        "name": "Three-Dimensional Mode",
        "value": ""
      },
      {
        "id": 3,
        "name": "M-Mode ",
        "value": ""
      },
      {
        "id": 4,
        "name": "Ped Off Probe",
        "value": ""
      },
      {
        "id": 5,
        "name": "Pulsed Wave Doppler",
        "value": ""
      },
      {
        "id": 6,
        "name": "Continuous Wave Doppler",
        "value": ""
      },
      {
        "id": 7,
        "name": "Color Doppler Mapping ",
        "value": ""
      },
      {
        "id": 8,
        "name": "Portable Studies",
        "value": ""
      },
      {
        "id": 9,
        "name": "Invasive Procedure Guidance",
        "value": ""
      },
      {
        "id": 10,
        "name": "EKG/ECG",
        "value": ""
      },
      {
        "id": 11,
        "name": "Parasternal Long Axis View",
        "value": ""
      },
      {
        "id": 12,
        "name": "RVIT",
        "value": ""
      },
      {
        "id": 13,
        "name": "RVOT",
        "value": ""
      },
      {
        "id": 14,
        "name": "Parasternal Short Axis View",
        "value": ""
      },
      {
        "id": 15,
        "name": "4 Chamber View",
        "value": ""
      },
      {
        "id": 16,
        "name": "Pressure Measurements",
        "value": ""
      },
      {
        "id": 17,
        "name": "2 Chamber View",
        "value": ""
      },
      {
        "id": 18,
        "name": "Inverted Apical 4 Chamber View",
        "value": ""
      },
      {
        "id": 19,
        "name": "Inverterd Apical 5 Chamber View",
        "value": ""
      },
      {
        "id": 20,
        "name": "Subcostal Long View",
        "value": ""
      },
      {
        "id": 21,
        "name": "Subcostal Long with Sweep",
        "value": ""
      },
      {
        "id": 22,
        "name": "Subcostal Short with Sweep (Bi Caval View)",
        "value": ""
      },
      {
        "id": 23,
        "name": "Subcostal Aortic Arch",
        "value": ""
      },
      {
        "id": 24,
        "name": "Subcostal Abdominal Aorta",
        "value": ""
      },
      {
        "id": 25,
        "name": "Subcostal Situs View",
        "value": ""
      },
      {
        "id": 26,
        "name": "Suprasternal Notch View- Long",
        "value": ""
      },
      {
        "id": 27,
        "name": "Suprasternal Notch View- Short",
        "value": ""
      },
      {
        "id": 28,
        "name": "Left Atrium with Pulmonary Veins with Suprasternal Notch",
        "value": ""
      },
      {
        "id": 29,
        "name": "Pulmonary Artery Branches",
        "value": ""
      },
      {
        "id": 30,
        "name": "Ductal View",
        "value": ""
      },
      {
        "id": 31,
        "name": "Arch Sidedness",
        "value": ""
      },
      {
        "id": 32,
        "name": "Scanning Complex Anomolies",
        "value": ""
      },
      {
        "id": 33,
        "name": "Scanning Post-Surgical Repairs",
        "value": ""
      },
      {
        "id": 34,
        "name": "Simpson’s Rule",
        "value": ""
      },
      {
        "id": 35,
        "name": "Proximal Isovelocity Surface Area",
        "value": ""
      },
      {
        "id": 36,
        "name": "Diastology",
        "value": ""
      },
      {
        "id": 37,
        "name": "Stress Echo",
        "value": ""
      },
      {
        "id": 38,
        "name": "Continuity Equation",
        "value": ""
      }
    ]
  },
  {
    "title": "EQUIPMENT",
    "items": [
      {
        "id": 1,
        "name": "Phillips",
        "value": ""
      },
      {
        "id": 2,
        "name": "Siemens",
        "value": ""
      },
      {
        "id": 3,
        "name": "Toshiba",
        "value": ""
      },
      {
        "id": 4,
        "name": "Hitachi ",
        "value": ""
      },
      {
        "id": 5,
        "name": "General Electric",
        "value": ""
      },
      {
        "id": 6,
        "name": "HP",
        "value": ""
      }
    ]
  },
  {
    "title": "Age Specific Competencies",

    "items": [
      {
        "id": 1,

        "name": "Neonatal/Newborn (up to 30 days)",

        "value": ""
      },

      {
        "id": 2,

        "name": "Infant (30 days to 1 year)",

        "value": ""
      },

      {
        "id": 3,

        "name": "Toddler (1 to 3 years)",

        "value": ""
      },

      {
        "id": 4,

        "name": "Preschooler (3 to 5 years)",

        "value": ""
      },

      {
        "id": 5,

        "name": "School age (5 to 12 years)",

        "value": ""
      },

      {
        "id": 6,

        "name": "Adolescents (12 to 18 years)",

        "value": ""
      },

      {
        "id": 7,

        "name": "Young Adults (18 to 39 years)",

        "value": ""
      },

      {
        "id": 8,

        "name": "Middle Adults (40 to 64 years)",

        "value": ""
      },

      {
        "id": 9,

        "name": "Older Adults (65 & up)",

        "value": ""
      }
    ]
  }
]
