[
  {
    "title": "SCRUB GENERAL SURGERY",
    "items": [
      {
        "id": 1,
        "name": "AKA/BKA (Amputation)",
        "value": ""
      },
      {
        "id": 2,
        "name": "Radical Mastectomy",
        "value": ""
      },
      {
        "id": 3,
        "name": "Abdominal - Perineal Resection",
        "value": ""
      },
      {
        "id": 4,
        "name": "Cholecystectomy (Open)",
        "value": ""
      },
      {
        "id": 5,
        "name": "Exploratory Laparatomy",
        "value": ""
      },
      {
        "id": 6,
        "name": "Appendectomy",
        "value": ""
      }
    ]
  },
  {
    "title": "SCRUB PEDIATRIC CASES",

    "items": [
      {
        "id": 1,

        "name": "Inguinal Hernia Repair",

        "value": ""
      },

      {
        "id": 2,

        "name": "Pyloric Stenosis",

        "value": ""
      },

      {
        "id": 3,

        "name": "Circumcision",

        "value": ""
      },

      {
        "id": 4,

        "name": "Exploratory Laparotomy",

        "value": ""
      }
    ]
  },
  {
    "title": "SCRUB CARDIAC",
    "items": [
      {
        "id": 1,
        "name": "DaVinci Procedures",
        "value": ""
      },
      {
        "id": 2,
        "name": "Coronary Artery By-Pass",
        "value": ""
      },
      {
        "id": 3,
        "name": "Mitral Valve Repair/Replacement ",
        "value": ""
      },
      {
        "id": 4,
        "name": "Aortic Valve Replacement",
        "value": ""
      },
      {
        "id": 5,
        "name": "Multiple Valve Transposition",
        "value": ""
      },
      {
        "id": 6,
        "name": "Septal Defects",
        "value": ""
      },
      {
        "id": 7,
        "name": "Ventricular aneurysm Repair ",
        "value": ""
      },
      {
        "id": 8,
        "name": "Bring Back Heart",
        "value": ""
      },
      {
        "id": 9,
        "name": "Pericardial Window",
        "value": ""
      },
      {
        "id": 10,
        "name": "Intra-Aortic Balloon Insertion",
        "value": ""
      },
      {
        "id": 11,
        "name": "Heartport or Similar CABG",
        "value": ""
      },
      {
        "id": 12,
        "name": "Thoraco approach Mid-Cab",
        "value": ""
      },
      {
        "id": 13,
        "name": "Aortic Arch Replacement",
        "value": ""
      },
      {
        "id": 14,
        "name": "Aortic Valve Conduit",
        "value": ""
      },
      {
        "id": 15,
        "name": "Mechanical Heart/LVAD",
        "value": ""
      },
      {
        "id": 16,
        "name": "Pediatric Hearts",
        "value": ""
      },
      {
        "id": 17,
        "name": "Tetrology of Fallot",
        "value": ""
      },
      {
        "id": 18,
        "name": "Chamberlain Procedure",
        "value": ""
      },
      {
        "id": 19,
        "name": "AICD Insertion",
        "value": ""
      },
      {
        "id": 20,
        "name": "Saphenous Vein Harvest",
        "value": ""
      },
      {
        "id": 21,
        "name": "Endoscopic Vein Harvest",
        "value": ""
      },
      {
        "id": 22,
        "name": "Gastric Artery Harvest",
        "value": ""
      },
      {
        "id": 23,
        "name": "Radial Vein Harvest",
        "value": ""
      },
      {
        "id": 24,
        "name": "Carotid Endarterectomy",
        "value": ""
      },
      {
        "id": 25,
        "name": "Abdominal Aortic Aneurysm",
        "value": ""
      },
      {
        "id": 26,
        "name": "Femoral-Popliteal By-Pass Graft",
        "value": ""
      },
      {
        "id": 27,
        "name": "Thrombectomy",
        "value": ""
      },
      {
        "id": 28,
        "name": "AV Shunt",
        "value": ""
      },
      {
        "id": 29,
        "name": "Pacemaker Insertion",
        "value": ""
      }
    ]
  },
  {
    "title": "SCRUB LAPARASCOPIC PROCEDURES",
    "items": [
      {
        "id": 1,
        "name": "Cholecystectomy (Open)",
        "value": ""
      },
      {
        "id": 2,
        "name": "Appendectomy",
        "value": ""
      },
      {
        "id": 3,
        "name": "Hernia",
        "value": ""
      },
      {
        "id": 4,
        "name": "Nissan ",
        "value": ""
      },
      {
        "id": 5,
        "name": "Colectomy",
        "value": ""
      },
      {
        "id": 6,
        "name": "Gastrectomy",
        "value": ""
      },
      {
        "id": 7,
        "name": "Inguinal/Ventral hernia Repair ",
        "value": ""
      },
      {
        "id": 8,
        "name": "Splenectomy",
        "value": ""
      },
      {
        "id": 9,
        "name": "Bowel Rescetion/Colostomy",
        "value": ""
      },
      {
        "id": 10,
        "name": "Thyroidectomy ",
        "value": ""
      },
      {
        "id": 11,
        "name": "Rectal Procedures",
        "value": ""
      },
      {
        "id": 12,
        "name": "Esophagascopy/Gastrocopy",
        "value": ""
      }
    ]
  },

  {
    "title": "SCRUB VASCULAR SURGERY",

    "items": [
      {
        "id": 1,

        "name": "Carotid Endarterectomy",

        "value": ""
      },

      {
        "id": 2,

        "name": "Abdominal Aoric Aneurysm",

        "value": ""
      },

      {
        "id": 3,

        "name": "Femoral-Popliteal By-Pass Graft (Insitu)",

        "value": ""
      },

      {
        "id": 4,

        "name": "Femoral-Popliteal By-Pass Graft (Graph)",

        "value": ""
      },

      {
        "id": 5,

        "name": "Portacath, Tesio, Hickman",

        "value": ""
      },

      {
        "id": 6,

        "name": "AV Shunt",

        "value": ""
      },

      {
        "id": 7,

        "name": "Thrombecomy",

        "value": ""
      },

      {
        "id": 8,

        "name": "Pacemaker Insertion",

        "value": ""
      },
      {
        "id": 9,

        "name": "Arterial Stenting",

        "value": ""
      },

      {
        "id": 10,

        "name": "Intra-Operative Angioplasty",

        "value": ""
      },

      {
        "id": 11,

        "name": "Subclavian/Carotid By-Pass",

        "value": ""
      }
    ]
  },
  {
    "title": "SCRUB ORTHOPEDICS",

    "items": [
      {
        "id": 1,

        "name": "Total Hip Replacement",

        "value": ""
      },

      {
        "id": 2,

        "name": "Bipolar Hip",

        "value": ""
      },

      {
        "id": 3,

        "name": "Compression Hip Screw",

        "value": ""
      },

      {
        "id": 4,

        "name": "Total Knee Replacement",

        "value": ""
      },

      {
        "id": 5,

        "name": "Knee Artoscopy",

        "value": ""
      },

      {
        "id": 6,

        "name": "ACL Knee Repair",

        "value": ""
      },

      {
        "id": 7,

        "name": "harrington Rod or Similar",

        "value": ""
      },

      {
        "id": 8,

        "name": "I.M. Rodding",

        "value": ""
      },
      {
        "id": 9,

        "name": "Hand and Foot procedures",

        "value": ""
      },

      {
        "id": 10,

        "name": "Mini Fragment Screws & Plates",

        "value": ""
      },

      {
        "id": 11,

        "name": "External Fixation",

        "value": ""
      },
      {
        "id": 12,

        "name": "Shoulder Repair",

        "value": ""
      },
      {
        "id": 13,

        "name": "Shoulder Arthoscopy",

        "value": ""
      },

      {
        "id": 14,

        "name": "Spinal Fusion",

        "value": ""
      },

      {
        "id": 15,

        "name": "Fracture Table Set-Up",

        "value": ""
      },
      {
        "id": 16,

        "name": "Drills, Saws and Reamers",

        "value": ""
      }
    ]
  },
  {
    "title": "SCRUB GYNECOLOGY",

    "items": [
      {
        "id": 1,

        "name": "D&C",

        "value": ""
      },

      {
        "id": 2,

        "name": "Diagnostic Laparascope",

        "value": ""
      },

      {
        "id": 3,

        "name": "Laparoscopic Asst'd Vaginal Hysterectomy",

        "value": ""
      },

      {
        "id": 4,

        "name": "Abdominal Hysterectomy",

        "value": ""
      },

      {
        "id": 5,

        "name": "Vaginal Hysterectomy",

        "value": ""
      },
      {
        "id": 6,

        "name": "Anterior/Posterior Repair",

        "value": ""
      },

      {
        "id": 7,

        "name": "MMK (Marshall Marchetti Krantz)",

        "value": ""
      },

      {
        "id": 8,

        "name": "Tuboplasty",

        "value": ""
      },

      {
        "id": 9,

        "name": "BLT (Bilateral Tubal Ligation)",

        "value": ""
      },

      {
        "id": 10,

        "name": "C-Section",

        "value": ""
      }
    ]
  },
  {
    "title": "SCRUB UROLOGY",

    "items": [
      {
        "id": 1,

        "name": "Radical Prostatectomy",

        "value": ""
      },

      {
        "id": 2,

        "name": "Radical Lymph Node Dissection",

        "value": ""
      },

      {
        "id": 3,

        "name": "Insertion Penile Prosthesis",

        "value": ""
      },

      {
        "id": 4,

        "name": "Hydrocelectomy",

        "value": ""
      },

      {
        "id": 5,

        "name": "Cystoscopy",

        "value": ""
      },

      {
        "id": 6,

        "name": "Ureteroscopy",

        "value": ""
      },

      {
        "id": 7,

        "name": "TURP/TURBT",

        "value": ""
      }
    ]
  },

  {
    "title": "SCRUB NEUROLOGY",

    "items": [
      {
        "id": 1,

        "name": "Cervical Laminectomy (Anterior)",

        "value": ""
      },

      {
        "id": 2,

        "name": "Cervical Laminectomy (Posterior)",

        "value": ""
      },

      {
        "id": 3,

        "name": "Lumbar Lamincetomy, Discectomy",

        "value": ""
      },

      {
        "id": 4,

        "name": "Percutaneous Micro Discectomy",

        "value": ""
      },

      {
        "id": 5,

        "name": "Craniotomy for Tumor",

        "value": ""
      },

      {
        "id": 6,

        "name": "Craniotomy for Aneurysm",

        "value": ""
      },

      {
        "id": 7,

        "name": "Burr Holes",

        "value": ""
      },

      {
        "id": 8,

        "name": "VP Shunts",

        "value": ""
      },
      {
        "id": 9,

        "name": "Transphenoidal Hypothypectomy",

        "value": ""
      },

      {
        "id": 10,

        "name": "Harrington Rod or Similar",

        "value": ""
      },
      {
        "id": 11,

        "name": "SCRUB PLASTICS",

        "value": ""
      },
      {
        "id": 12,

        "name": "Mammoplasty",

        "value": ""
      },

      {
        "id": 13,

        "name": "Facelifts",

        "value": ""
      },
      {
        "id": 14,

        "name": "Skin Grafts",

        "value": ""
      },
      {
        "id": 15,

        "name": "Rhinoplasty",

        "value": ""
      },
      {
        "id": 16,

        "name": "Abdominalplasty",

        "value": ""
      },
      {
        "id": 17,

        "name": "Blepharoplasty",

        "value": ""
      },

      {
        "id": 18,

        "name": "Otoplasty",

        "value": ""
      },
      {
        "id": 19,

        "name": "Muscle Flaps",

        "value": ""
      },
      {
        "id": 20,

        "name": "Trauma",

        "value": ""
      },

      {
        "id": 21,

        "name": "Transplant Surgery",

        "value": ""
      },
      {
        "id": 22,

        "name": "Organ Procurements (Harvest)",

        "value": ""
      }
    ]
  },
  {
    "title": "SCRUB ENT",

    "items": [
      {
        "id": 1,

        "name": "Middle Ear",

        "value": ""
      },

      {
        "id": 2,

        "name": "T&A",

        "value": ""
      },

      {
        "id": 3,

        "name": "Myringotomy",

        "value": ""
      },

      {
        "id": 4,

        "name": "Tympanoplasty",

        "value": ""
      },

      {
        "id": 5,

        "name": "Radical Neck Dissection",

        "value": ""
      },

      {
        "id": 6,

        "name": "Septoplasty",

        "value": ""
      },

      {
        "id": 7,

        "name": "Sinus Endoscopy",

        "value": ""
      }
    ]
  },
  {
    "title": "SCRUB THORACIC",

    "items": [
      {
        "id": 1,

        "name": "Thoracotomy",

        "value": ""
      },

      {
        "id": 2,

        "name": "Thoracoscopy",

        "value": ""
      }
    ]
  },
  {
    "title": "Age Specific Competencies",

    "items": [
      {
        "id": 1,

        "name": "Neonatal/Newborn (up to 30 days)",

        "value": ""
      },

      {
        "id": 2,

        "name": "Infant (30 days to 1 year)",

        "value": ""
      },

      {
        "id": 3,

        "name": "Toddler (1 to 3 years)",

        "value": ""
      },

      {
        "id": 4,

        "name": "Preschooler (3 to 5 years)",

        "value": ""
      },

      {
        "id": 5,

        "name": "School age (5 to 12 years)",

        "value": ""
      },

      {
        "id": 6,

        "name": "Adolescents (12 to 18 years)",

        "value": ""
      },

      {
        "id": 7,

        "name": "Young Adults (18 to 39 years)",

        "value": ""
      },

      {
        "id": 8,

        "name": "Middle Adults (40 to 64 years)",

        "value": ""
      },

      {
        "id": 9,

        "name": "Older Adults (65 & up)",

        "value": ""
      }
    ]
  }
]
