[
  {
    "title": "RENAL/GENITOURINARY:",
    "items": [
      {
        "id": 1,
        "name": "Assessment of Renal/GU System",
        "value": ""
      },
      {
        "id": 2,
        "name": "Insertion of Foley",
        "value": ""
      },
      {
        "id": 3,
        "name": "Care of Patient with:Nephrostomy Tube ",
        "value": ""
      },
      {
        "id": 4,
        "name": "AV Fistula / AV Graft",
        "value": ""
      },
      {
        "id": 5,
        "name": "Tunneled/Non-Tunneled Catheter",
        "value": ""
      },
      {
        "id": 6,
        "name": "Ileal Conduit",
        "value": ""
      },
      {
        "id": 7,
        "name": "Supra-Pubic Catheter ",
        "value": ""
      },
      {
        "id": 8,
        "name": "Chronic Renal Failure",
        "value": ""
      },
      {
        "id": 9,
        "name": "Acute Renal Failure",
        "value": ""
      },
      {
        "id": 10,
        "name": "Nephrectomy",
        "value": ""
      },
      {
        "id": 11,
        "name": "Turp",
        "value": ""
      },
      {
        "id": 12,
        "name": "Peritoneal Dialysis",
        "value": ""
      },
      {
        "id": 13,
        "name": "Hemodialysis",
        "value": ""
      }
    ]
  },
  {
    "title": "HEMODIALYSIS / PROCEDURES",
    "items": [
      {
        "id": 1,
        "name": "Acute/Inpatient Dialysis",
        "value": ""
      },
      {
        "id": 2,
        "name": "Chronic/Outpatient Dialysis",
        "value": ""
      },
      {
        "id": 3,
        "name": "Dialysis Home Care",
        "value": ""
      },
      {
        "id": 4,
        "name": "Pediatric Dialysis ",
        "value": ""
      },
      {
        "id": 5,
        "name": "Predialysis Nursing Assessment",
        "value": ""
      },
      {
        "id": 6,
        "name": "Teaching the Dialysis Patient and Family",
        "value": ""
      }
    ]
  },
  {
    "title": "SET-UP / STARTING DIALYSIS TREATMENT",

    "items": [
      {
        "id": 1,

        "name": "Collect Blood Specimens",

        "value": ""
      },

      {
        "id": 2,

        "name": "Anticoagulation",

        "value": ""
      },

      {
        "id": 3,

        "name": "Dialysis",

        "value": ""
      },

      {
        "id": 4,

        "name": "Fistula Gortex / Bovine Graft",

        "value": ""
      },

      {
        "id": 5,

        "name": "Prep Vascular Access",

        "value": ""
      },

      {
        "id": 6,

        "name": "Checking Alarm Settings/Machine",

        "value": ""
      },

      {
        "id": 7,

        "name": "Priming Dialyzer",

        "value": ""
      },

      {
        "id": 8,

        "name": "Conductivity Testing",

        "value": ""
      },

      {
        "id": 9,

        "name": "Bicarbonate Dialysis",

        "value": ""
      }
    ]
  },
  {
    "title": "ASSESS PATIENT AND EQUIPMENT DURING DIALYSIS:",

    "items": [
      {
        "id": 1,

        "name": "Systems Assessment of Patient",

        "value": ""
      },

      {
        "id": 2,

        "name": "Volume Status",

        "value": ""
      },

      {
        "id": 3,

        "name": "Vascular Access Function",

        "value": ""
      },

      {
        "id": 4,

        "name": "Arterial and Venous Pressures",

        "value": ""
      },

      {
        "id": 5,

        "name": "Blood Flow Rate",

        "value": ""
      },

      {
        "id": 6,

        "name": "Subjective Response to Treatment",

        "value": ""
      },

      {
        "id": 7,

        "name": "Management of Anticoagulation",

        "value": ""
      },

      {
        "id": 8,

        "name": "Conductivity",

        "value": ""
      },

      {
        "id": 9,

        "name": "Ultrafiltration Calculation",

        "value": ""
      },
      {
        "id": 10,

        "name": "Operation of Myron L Meter",

        "value": ""
      },

      {
        "id": 11,

        "name": "Administration of Blood/Blood Products",

        "value": ""
      },

      {
        "id": 12,

        "name": "Administration of Mannitol",

        "value": ""
      },

      {
        "id": 13,

        "name": "Sequential Ultrafiltration / PUF",

        "value": ""
      },

      {
        "id": 14,

        "name": "Documentation of Treatment",

        "value": ""
      }
    ]
  },
  {
    "title": "CARE OF PATIENT WITH:",

    "items": [
      {
        "id": 1,

        "name": "Fluid Overload",

        "value": ""
      },

      {
        "id": 2,

        "name": "Hypertension",

        "value": ""
      },

      {
        "id": 3,

        "name": "Hypotension",

        "value": ""
      },

      {
        "id": 4,

        "name": "Disequilibrium Syndrome",

        "value": ""
      },

      {
        "id": 5,

        "name": "Hyperkalemia",

        "value": ""
      },

      {
        "id": 6,

        "name": "Seizures",

        "value": ""
      },

      {
        "id": 7,

        "name": "Muscle Cramps",

        "value": ""
      },

      {
        "id": 8,

        "name": "Clotted Access/Poor Blood Flow Rate From Catheter",

        "value": ""
      },

      {
        "id": 9,

        "name": "Ultrafiltration Calculation",

        "value": ""
      },
      {
        "id": 10,

        "name": "Pyrogenic Reaction",

        "value": ""
      },

      {
        "id": 11,

        "name": "Hemolysis",

        "value": ""
      },

      {
        "id": 12,

        "name": "Air Embolus",

        "value": ""
      },

      {
        "id": 13,

        "name": "Chest Pain",

        "value": ""
      },

      {
        "id": 14,

        "name": "Anemia",

        "value": ""
      },
      {
        "id": 15,

        "name": "Neuropathy",

        "value": ""
      },

      {
        "id": 16,

        "name": "Pericarditis",

        "value": ""
      },

      {
        "id": 17,

        "name": "Filter Blood Leak",

        "value": ""
      },

      {
        "id": 18,

        "name": "Cardiopulmonary Arrest",

        "value": ""
      }
    ]
  },
  {
    "title": "DISCONTINUE DIALYSIS:",

    "items": [
      {
        "id": 1,

        "name": "Dialysis Catheter",

        "value": ""
      },

      {
        "id": 2,

        "name": "Fistula / Vein Graft",

        "value": ""
      },

      {
        "id": 3,

        "name": "Return of Blood",

        "value": ""
      },

      {
        "id": 4,

        "name": "Post Treatment Access Care",

        "value": ""
      },

      {
        "id": 5,

        "name": "Equipment Clean Up",

        "value": ""
      },

      {
        "id": 6,

        "name": "Sterilization Procedures",

        "value": ""
      }
    ]
  },
  {
    "title": "MISCELLANEOUS:",

    "items": [
      {
        "id": 1,

        "name": "Care of Immunosupressed Patient",

        "value": ""
      },

      {
        "id": 2,

        "name": "Care of Patient with AIDS",

        "value": ""
      },

      {
        "id": 3,

        "name": "Isolation Techniques",

        "value": ""
      },

      {
        "id": 4,

        "name": "Assessment of Wound Healing",

        "value": ""
      },

      {
        "id": 5,

        "name": "Sterile Dressing Changes",

        "value": ""
      },

      {
        "id": 6,

        "name": "Phlebotomy / Venous Blood Draw",

        "value": ""
      },
      {
        "id": 7,

        "name": "Discussing Organ & Tissue Donation",

        "value": ""
      }
    ]
  },
  {
    "title": "Age Specific Competencies",

    "items": [
      {
        "id": 1,

        "name": "Neonatal/Newborn (up to 30 days)",

        "value": ""
      },

      {
        "id": 2,

        "name": "Infant (30 days to 1 year)",

        "value": ""
      },

      {
        "id": 3,

        "name": "Toddler (1 to 3 years)",

        "value": ""
      },

      {
        "id": 4,

        "name": "Preschooler (3 to 5 years)",

        "value": ""
      },

      {
        "id": 5,

        "name": "School age (5 to 12 years)",

        "value": ""
      },

      {
        "id": 6,

        "name": "Adolescents (12 to 18 years)",

        "value": ""
      },

      {
        "id": 7,

        "name": "Young Adults (18 to 39 years)",

        "value": ""
      },

      {
        "id": 8,

        "name": "Middle Adults (40 to 64 years)",

        "value": ""
      },

      {
        "id": 9,

        "name": "Older Adults (65 & up)",

        "value": ""
      }
    ]
  }
]
