[
  {
    "title": "RADIATION THERAPY:",
    "items": [
      {
        "id": 1,
        "name": "Skin Assessment",
        "value": ""
      },
      {
        "id": 2,
        "name": "Total Body Irradiation ",
        "value": ""
      },
      {
        "id": 3,
        "name": "Side Effect Management ",
        "value": ""
      },
      {
        "id": 4,
        "name": "External Radiotherapy ",
        "value": ""
      },
      {
        "id": 5,
        "name": "Brachytherapy",
        "value": ""
      },
      {
        "id": 6,
        "name": "Radiation Safety Precautions",
        "value": ""
      },
      {
        "id": 7,
        "name": "Intraoperative Radiation ",
        "value": ""
      }
    ]
  },
  {
    "title": "ONCOLOGY PATIENT CARE:",
    "items": [
      {
        "id": 1,
        "name": "Renal Failure",
        "value": ""
      },
      {
        "id": 2,
        "name": "Fever",
        "value": ""
      },
      {
        "id": 3,
        "name": "Pneumonia",
        "value": ""
      },
      {
        "id": 4,
        "name": "Cqrdiac Arrhymias ",
        "value": ""
      },
      {
        "id": 5,
        "name": "Hypercalcemia",
        "value": ""
      },
      {
        "id": 6,
        "name": "Hyperkalemia",
        "value": ""
      },
      {
        "id": 7,
        "name": "Pancreatitis ",
        "value": ""
      },
      {
        "id": 8,
        "name": "Pulmonary Embolism",
        "value": ""
      },
      {
        "id": 9,
        "name": "Bowel Obstruction",
        "value": ""
      },
      {
        "id": 10,
        "name": "Diabetes",
        "value": ""
      },
      {
        "id": 11,
        "name": "Pneumothorax",
        "value": ""
      },
      {
        "id": 12,
        "name": "Stress Fractures",
        "value": ""
      },
      {
        "id": 13,
        "name": "RespiratoryDistress",
        "value": ""
      },
      {
        "id": 14,
        "name": "Spinal Cord Compression",
        "value": ""
      },
      {
        "id": 15,
        "name": "GI Bleed",
        "value": ""
      },
      {
        "id": 16,
        "name": "Pleural Effusion",
        "value": ""
      },
      {
        "id": 17,
        "name": "Infection",
        "value": ""
      },
      {
        "id": 18,
        "name": "Hypokalemia",
        "value": ""
      },
      {
        "id": 19,
        "name": "DIC",
        "value": ""
      },
      {
        "id": 20,
        "name": "Atlelectasis",
        "value": ""
      },
      {
        "id": 21,
        "name": "Lymphedema",
        "value": ""
      }
    ]
  },
  {
    "title": "VASCULAR DEVICES:",
    "items": [
      {
        "id": 1,
        "name": "Flush Catheter",
        "value": ""
      },
      {
        "id": 2,
        "name": "Punctured Catheter",
        "value": ""
      },
      {
        "id": 3,
        "name": "Chemo Port",
        "value": ""
      },
      {
        "id": 4,
        "name": "Omega-Port",
        "value": ""
      },
      {
        "id": 5,
        "name": "S.E.A. Port",
        "value": ""
      },
      {
        "id": 6,
        "name": "Port-A-Cath",
        "value": ""
      },
      {
        "id": 7,
        "name": "Opti-Port ",
        "value": ""
      },
      {
        "id": 8,
        "name": "PICC Lines",
        "value": ""
      },
      {
        "id": 9,
        "name": "Obtain Blood Specimens",
        "value": ""
      },
      {
        "id": 10,
        "name": "Line Insertion Assistance",
        "value": ""
      },
      {
        "id": 11,
        "name": "De-Clotting Ports",
        "value": ""
      },
      {
        "id": 12,
        "name": "Groshong Catheters",
        "value": ""
      },
      {
        "id": 13,
        "name": "Catheter Port",
        "value": ""
      },
      {
        "id": 14,
        "name": "Site Care",
        "value": ""
      },
      {
        "id": 15,
        "name": "Broviac Catheters",
        "value": ""
      },
      {
        "id": 16,
        "name": "Patient/Teaching",
        "value": ""
      },
      {
        "id": 17,
        "name": "Hickan Catheters",
        "value": ""
      }
    ]
  },
  {
    "title": "CARE OF PATIENTS WITH:",
    "items": [
      {
        "id": 1,
        "name": "Foley Catheter Irrigations",
        "value": ""
      },
      {
        "id": 2,
        "name": "CVP Line Insertion",
        "value": ""
      },
      {
        "id": 3,
        "name": "Jejunostomy Tubes",
        "value": ""
      },
      {
        "id": 4,
        "name": "Wound Care",
        "value": ""
      },
      {
        "id": 5,
        "name": "Colostomy Care",
        "value": ""
      },
      {
        "id": 6,
        "name": "TURP",
        "value": ""
      },
      {
        "id": 7,
        "name": "Reverse Isolation ",
        "value": ""
      },
      {
        "id": 8,
        "name": "Liver Biopsy",
        "value": ""
      },
      {
        "id": 9,
        "name": "Platelet Precautions",
        "value": ""
      },
      {
        "id": 10,
        "name": "Accucheck",
        "value": ""
      },
      {
        "id": 11,
        "name": "NG Tube Insertion",
        "value": ""
      },
      {
        "id": 12,
        "name": "Suprapubic Catheter",
        "value": ""
      },
      {
        "id": 13,
        "name": "Ileostomy",
        "value": ""
      },
      {
        "id": 14,
        "name": "Thoracentesis",
        "value": ""
      },
      {
        "id": 15,
        "name": "Isolation",
        "value": ""
      },
      {
        "id": 16,
        "name": "Foley Catheter Irrigations",
        "value": ""
      },
      {
        "id": 17,
        "name": "Bone Marrow Biopsy",
        "value": ""
      },
      {
        "id": 18,
        "name": "Enterostomal Care",
        "value": ""
      },
      {
        "id": 19,
        "name": "Chest Tube Care",
        "value": ""
      },
      {
        "id": 20,
        "name": "Paracentesis ",
        "value": ""
      },
      {
        "id": 21,
        "name": "Gastrostomy Tube",
        "value": ""
      },
      {
        "id": 22,
        "name": "Narcotic Infusion",
        "value": ""
      },
      {
        "id": 23,
        "name": "Hemodialysis",
        "value": ""
      },
      {
        "id": 24,
        "name": "Nephrostomy Tube",
        "value": ""
      },
      {
        "id": 25,
        "name": "Pain Management",
        "value": ""
      },
      {
        "id": 26,
        "name": "Pulse Oximetry",
        "value": ""
      },
      {
        "id": 27,
        "name": "Fistulas/Shunts",
        "value": ""
      },
      {
        "id": 28,
        "name": "Seizure Precautions",
        "value": ""
      },
      {
        "id": 29,
        "name": "Peritoneal Dialysis",
        "value": ""
      },
      {
        "id": 30,
        "name": "Nasotracheal Suctioning",
        "value": ""
      },
      {
        "id": 31,
        "name": "PCA Pumps",
        "value": ""
      }
    ]
  },
  {
    "title": "CARDIOVASCULAR:",
    "items": [
      {
        "id": 1,
        "name": "Hyperalimentation",
        "value": ""
      },
      {
        "id": 2,
        "name": "Peripheral Blood Stem Cells",
        "value": ""
      },
      {
        "id": 3,
        "name": "Packed RBC’s",
        "value": ""
      },
      {
        "id": 4,
        "name": "IV Fluid Hydration",
        "value": ""
      },
      {
        "id": 5,
        "name": "Venoclusive Disease",
        "value": ""
      },
      {
        "id": 6,
        "name": "Fresh Frozen Plasma",
        "value": ""
      },
      {
        "id": 7,
        "name": "Infections",
        "value": ""
      },
      {
        "id": 8,
        "name": "Pneumonitis",
        "value": ""
      },
      {
        "id": 9,
        "name": "Graft Rejection",
        "value": ""
      },
      {
        "id": 10,
        "name": "Platelets",
        "value": ""
      },
      {
        "id": 11,
        "name": "WBC/Lukocytes",
        "value": ""
      },
      {
        "id": 12,
        "name": "Blood /Byproducts",
        "value": ""
      },
      {
        "id": 13,
        "name": "Antivirals",
        "value": ""
      },
      {
        "id": 14,
        "name": "Donor Education",
        "value": ""
      },
      {
        "id": 15,
        "name": "Allogeneic BMT",
        "value": ""
      },
      {
        "id": 16,
        "name": "Antibiotics",
        "value": ""
      },
      {
        "id": 17,
        "name": "GVHD Graft",
        "value": ""
      },
      {
        "id": 18,
        "name": "Autologous BMT",
        "value": ""
      },
      {
        "id": 19,
        "name": "Antifungals",
        "value": ""
      },
      {
        "id": 20,
        "name": "Implantable Infusion Pumps ",
        "value": ""
      },
      {
        "id": 21,
        "name": "Medtronic",
        "value": ""
      },
      {
        "id": 22,
        "name": "Infusaid",
        "value": ""
      },
      {
        "id": 23,
        "name": "Ambulatory Infusion Pumps",
        "value": ""
      },
      {
        "id": 24,
        "name": "Synchormed",
        "value": ""
      },
      {
        "id": 25,
        "name": "Cormed",
        "value": ""
      },
      {
        "id": 26,
        "name": "Pharmacia",
        "value": ""
      },
      {
        "id": 27,
        "name": "Auto Syringe",
        "value": ""
      },
      {
        "id": 28,
        "name": "Pancretec",
        "value": ""
      },
      {
        "id": 29,
        "name": "Patency Maintenance",
        "value": ""
      },
      {
        "id": 30,
        "name": "Patient Teaching",
        "value": ""
      }
    ]
  },
  {
    "title": "PSYCHO & SOCIAL CARE:",
    "items": [
      {
        "id": 1,
        "name": "Palliative Care",
        "value": ""
      },
      {
        "id": 2,
        "name": "Hospice Care",
        "value": ""
      },
      {
        "id": 3,
        "name": "Family Support ",
        "value": ""
      },
      {
        "id": 4,
        "name": "Counseling/Death/Dying",
        "value": ""
      },
      {
        "id": 5,
        "name": "Identifying Support Groups",
        "value": ""
      },
      {
        "id": 6,
        "name": "Advance Directives",
        "value": ""
      },
      {
        "id": 7,
        "name": "Identifying Resources",
        "value": ""
      },
      {
        "id": 8,
        "name": "Health Care Proxy",
        "value": ""
      }
    ]
  },
  {
    "title": "PHARMACOLOGY:",
    "items": [
      {
        "id": 1,
        "name": "Floxuridine/FUDR",
        "value": ""
      },
      {
        "id": 2,
        "name": "Doxorubicin/Adrianycin",
        "value": ""
      },
      {
        "id": 3,
        "name": "Heparin/Coumadin",
        "value": ""
      },
      {
        "id": 4,
        "name": "Carmustine/BiCNU",
        "value": ""
      },
      {
        "id": 5,
        "name": "Dopamine",
        "value": ""
      },
      {
        "id": 6,
        "name": "Cistplatin",
        "value": ""
      },
      {
        "id": 7,
        "name": "Mitonycin/Mutanycin",
        "value": ""
      },
      {
        "id": 8,
        "name": "Dilantin",
        "value": ""
      },
      {
        "id": 9,
        "name": "Fluorouracil/-FU",
        "value": ""
      },
      {
        "id": 10,
        "name": "Usulfan/Myleran",
        "value": ""
      },
      {
        "id": 11,
        "name": "Neupogen/Epogen",
        "value": ""
      },
      {
        "id": 12,
        "name": "Hydroxyurea/Hydrea",
        "value": ""
      },
      {
        "id": 13,
        "name": "Corticosteroids",
        "value": ""
      },
      {
        "id": 14,
        "name": "Vincristine/Oncovin",
        "value": ""
      },
      {
        "id": 15,
        "name": "Methotrexate/Amethopterin",
        "value": ""
      },
      {
        "id": 16,
        "name": "Morphine",
        "value": ""
      },
      {
        "id": 17,
        "name": "Etoposide/VP-6-",
        "value": ""
      },
      {
        "id": 18,
        "name": "Cyclophosphamide/Cytoxan",
        "value": ""
      },
      {
        "id": 19,
        "name": "Decadron",
        "value": ""
      },
      {
        "id": 20,
        "name": "Belomycin/Blenoxane ",
        "value": ""
      },
      {
        "id": 21,
        "name": "Vinblastine/Velban",
        "value": ""
      },
      {
        "id": 22,
        "name": "Melphalan/Alkeran",
        "value": ""
      },
      {
        "id": 23,
        "name": "IV Care/Skills",
        "value": ""
      },
      {
        "id": 24,
        "name": "Chemotherapy Adm",
        "value": ""
      },
      {
        "id": 25,
        "name": "IM/SQ",
        "value": ""
      },
      {
        "id": 26,
        "name": "IVPB",
        "value": ""
      },
      {
        "id": 27,
        "name": "IV Push/Intrathecal",
        "value": ""
      }
    ]
  },
  {
    "title": "ONCOLOGY & GENERAL CARE:",
    "items": [
      {
        "id": 1,
        "name": "Thrombocytopenia",
        "value": ""
      },
      {
        "id": 2,
        "name": "Stomatitis",
        "value": ""
      },
      {
        "id": 3,
        "name": "Hemorrhabe",
        "value": ""
      },
      {
        "id": 4,
        "name": "Oncology PCU",
        "value": ""
      },
      {
        "id": 5,
        "name": "Neuropathy",
        "value": ""
      },
      {
        "id": 6,
        "name": "Bone Marrow Transplant",
        "value": ""
      },
      {
        "id": 7,
        "name": "Death /Dying",
        "value": ""
      },
      {
        "id": 8,
        "name": "Venous Access Devices",
        "value": ""
      },
      {
        "id": 9,
        "name": "Electrolyte Imbalance",
        "value": ""
      },
      {
        "id": 10,
        "name": "Palliative/Hospice Care",
        "value": ""
      },
      {
        "id": 11,
        "name": "Neutropenia",
        "value": ""
      },
      {
        "id": 12,
        "name": "Pain Management",
        "value": ""
      },
      {
        "id": 13,
        "name": "Telemetry",
        "value": ""
      },
      {
        "id": 14,
        "name": "Nutritional Needs",
        "value": ""
      },
      {
        "id": 15,
        "name": "Immunosuppression",
        "value": ""
      },
      {
        "id": 16,
        "name": "IV Maintenance",
        "value": ""
      },
      {
        "id": 17,
        "name": "Septic Shock",
        "value": ""
      },
      {
        "id": 18,
        "name": "Vomiting/Diarrhea/Nausea",
        "value": ""
      },
      {
        "id": 19,
        "name": "Skin Care",
        "value": ""
      },
      {
        "id": 20,
        "name": "Blood/Blood Byproducts ",
        "value": ""
      },
      {
        "id": 21,
        "name": "Normal Serum Labs Values",
        "value": ""
      },
      {
        "id": 22,
        "name": "Radiation Therapy",
        "value": ""
      },
      {
        "id": 23,
        "name": "Surgical Patient Care",
        "value": ""
      },
      {
        "id": 24,
        "name": "Chemotherapy Protocols",
        "value": ""
      },
      {
        "id": 25,
        "name": "Implantable Vascular Ports",
        "value": ""
      },
      {
        "id": 26,
        "name": "Patient Teaching",
        "value": ""
      },
      {
        "id": 27,
        "name": "Implantable Infusion Pumps",
        "value": ""
      }
    ]
  },
  {
    "title": "Age Specific Competencies",

    "items": [
      {
        "id": 1,

        "name": "Neonatal/Newborn (up to 30 days)",

        "value": ""
      },

      {
        "id": 2,

        "name": "Infant (30 days to 1 year)",

        "value": ""
      },

      {
        "id": 3,

        "name": "Toddler (1 to 3 years)",

        "value": ""
      },

      {
        "id": 4,

        "name": "Preschooler (3 to 5 years)",

        "value": ""
      },

      {
        "id": 5,

        "name": "School age (5 to 12 years)",

        "value": ""
      },

      {
        "id": 6,

        "name": "Adolescents (12 to 18 years)",

        "value": ""
      },

      {
        "id": 7,

        "name": "Young Adults (18 to 39 years)",

        "value": ""
      },

      {
        "id": 8,

        "name": "Middle Adults (40 to 64 years)",

        "value": ""
      },

      {
        "id": 9,

        "name": "Older Adults (65 & up)",

        "value": ""
      }
    ]
  }
]
