[
  {
    "title": "Patient Rights",

    "items": [
      {
        "id": 1,

        "name": "Communicates and obtains information while respecting the rights and privacy and confidentiality of information in accordance with the Health Insurance Portability and Accountability Act of 1996 (HIPAA)",

        "value": ""
      },

      {
        "id": 2,

        "name": "Involves the patient and family and respects their role in determining the nature of care to be provided, including Advance Directives.",

        "value": ""
      },

      {
        "id": 3,

        "name": "Complies with nursing staff responsibility included in the hospital policy related to Organ Donation.",

        "value": ""
      },

      {
        "id": 4,

        "name": "Meets patient and families needs regarding communication, including interpreter services",

        "value": ""
      },

      {
        "id": 5,

        "name": "Provides accurate information to patient and families in a timely manner.",

        "value": ""
      }
    ]
  },

  {
    "title": "Vital Signs and Weights",
    "items": [
      {
        "id": 1,
        "name": "BP, including Orthostatic",
        "value": ""
      },
      {
        "id": 2,
        "name": "Pulse, Radia",
        "value": ""
      },
      {
        "id": 3,
        "name": "Temperature, Oral",
        "value": ""
      },
      {
        "id": 4,
        "name": "Temperature, Rectal ",
        "value": ""
      },
      {
        "id": 5,
        "name": "Temperature, Axillary",
        "value": ""
      },
      {
        "id": 6,
        "name": "Temperature, Tympanic",
        "value": ""
      },
      {
        "id": 7,
        "name": "Respirations ",
        "value": ""
      },
      {
        "id": 8,
        "name": "Weight, Pounds and Kilograms",
        "value": ""
      },
      {
        "id": 9,
        "name": "Recognizing Cardiac Arrest",
        "value": ""
      },
      {
        "id": 10,
        "name": "Activating Code Team",
        "value": ""
      },
      {
        "id": 11,
        "name": "Bringing Emergency Equipment to Room",
        "value": ""
      },
      {
        "id": 12,
        "name": "Providing Appropriate Code Support",
        "value": ""
      },
      {
        "id": 13,
        "name": "Use of Automatic BP machine (Dynamap)",
        "value": ""
      },
      {
        "id": 14,
        "name": "Use of Electronic Thermometer",
        "value": ""
      },
      {
        "id": 15,
        "name": "Use of Applying Oximeter",
        "value": ""
      },
      {
        "id": 16,
        "name": "Scale Use: Standing",
        "value": ""
      },
      {
        "id": 17,
        "name": "Scale Use: Chair",
        "value": ""
      },
      {
        "id": 18,
        "name": "Scale Use: Bed",
        "value": ""
      },
      {
        "id": 19,
        "name": "Report Abnormal Findings",
        "value": ""
      },
      {
        "id": 20,
        "name": "Bowel Function",
        "value": ""
      },
      {
        "id": 21,
        "name": "Bladder Function",
        "value": ""
      },
      {
        "id": 22,
        "name": "Tap Water",
        "value": ""
      },
      {
        "id": 23,
        "name": "Fleets",
        "value": ""
      },
      {
        "id": 24,
        "name": "Return Flow",
        "value": ""
      }
    ]
  },
  {
    "title": "Vital Signs and Weights",
    "items": [
      {
        "id": 1,
        "name": "Placing and Removing Bed Pan",
        "value": ""
      },
      {
        "id": 2,
        "name": "Clamping Catheter",
        "value": ""
      },
      {
        "id": 3,
        "name": "Emptying Foley Bag",
        "value": ""
      },
      {
        "id": 4,
        "name": "Placing Condom Catheter",
        "value": ""
      },
      {
        "id": 5,
        "name": "Emptying and Replacing Ostomy Bag (Established Ostomy)",
        "value": ""
      }
    ]
  },
  {
    "title": "Nutrition",
    "items": [
      {
        "id": 1,
        "name": "Estimating Intake",
        "value": ""
      },
      {
        "id": 2,
        "name": "Setting up for Meals",
        "value": ""
      },
      {
        "id": 3,
        "name": "Feeding Patients",
        "value": ""
      },
      {
        "id": 4,
        "name": "Aspiration Precautions",
        "value": ""
      },
      {
        "id": 5,
        "name": "Nourishments",
        "value": ""
      },
      {
        "id": 6,
        "name": "Counting Calories",
        "value": ""
      },
      {
        "id": 7,
        "name": "Fluid Restriction ",
        "value": ""
      },
      {
        "id": 8,
        "name": "NPO",
        "value": ""
      }
    ]
  },
  {
    "title": "Specimens",
    "items": [
      {
        "id": 1,
        "name": "Collecting Stool",
        "value": ""
      },
      {
        "id": 2,
        "name": "Collecting Sputum",
        "value": ""
      },
      {
        "id": 3,
        "name": "Labeling Specimens and Preparing for Transport ",
        "value": ""
      },
      {
        "id": 4,
        "name": "Collecting Urine: Clean Catch",
        "value": ""
      },
      {
        "id": 5,
        "name": "Collecting Urine: 24 Hour",
        "value": ""
      }
    ]
  },
  {
    "title": "CARDIOVASCULAR:",
    "items": [
      {
        "id": 1,
        "name": "Hyperalimentation",
        "value": ""
      },
      {
        "id": 2,
        "name": "Peripheral Blood Stem Cells",
        "value": ""
      },
      {
        "id": 3,
        "name": "Packed RBC’s",
        "value": ""
      },
      {
        "id": 4,
        "name": "IV Fluid Hydration",
        "value": ""
      },
      {
        "id": 5,
        "name": "Venoclusive Disease",
        "value": ""
      },
      {
        "id": 6,
        "name": "Fresh Frozen Plasma",
        "value": ""
      },
      {
        "id": 7,
        "name": "Infections",
        "value": ""
      },
      {
        "id": 8,
        "name": "Pneumonitis",
        "value": ""
      },
      {
        "id": 9,
        "name": "Graft Rejection",
        "value": ""
      },
      {
        "id": 10,
        "name": "Platelets",
        "value": ""
      },
      {
        "id": 11,
        "name": "WBC/Lukocytes",
        "value": ""
      },
      {
        "id": 12,
        "name": "Blood /Byproducts",
        "value": ""
      },
      {
        "id": 13,
        "name": "Antivirals",
        "value": ""
      },
      {
        "id": 14,
        "name": "Donor Education",
        "value": ""
      },
      {
        "id": 15,
        "name": "Allogeneic BMT",
        "value": ""
      },
      {
        "id": 16,
        "name": "Antibiotics",
        "value": ""
      },
      {
        "id": 17,
        "name": "GVHD Graft",
        "value": ""
      },
      {
        "id": 18,
        "name": "Autologous BMT",
        "value": ""
      },
      {
        "id": 19,
        "name": "Antifungals",
        "value": ""
      },
      {
        "id": 20,
        "name": "Implantable Infusion Pumps ",
        "value": ""
      },
      {
        "id": 21,
        "name": "Medtronic",
        "value": ""
      },
      {
        "id": 22,
        "name": "Infusaid",
        "value": ""
      },
      {
        "id": 23,
        "name": "Ambulatory Infusion Pumps",
        "value": ""
      },
      {
        "id": 24,
        "name": "Synchormed",
        "value": ""
      },
      {
        "id": 25,
        "name": "Cormed",
        "value": ""
      },
      {
        "id": 26,
        "name": "Pharmacia",
        "value": ""
      },
      {
        "id": 27,
        "name": "Auto Syringe",
        "value": ""
      },
      {
        "id": 28,
        "name": "Pancretec",
        "value": ""
      },
      {
        "id": 29,
        "name": "Patency Maintenance",
        "value": ""
      },
      {
        "id": 30,
        "name": "Patient Teaching",
        "value": ""
      }
    ]
  },

  {
    "title": "Hygiene /Skin",
    "items": [
      {
        "id": 1,
        "name": "Risk Factorsfor Skin Breakdown",
        "value": ""
      },
      {
        "id": 2,
        "name": "Observing Pressure Points for Redness or Breakdown",
        "value": ""
      },
      {
        "id": 3,
        "name": "Bathing (Shower /Tub /Arjo)",
        "value": ""
      },
      {
        "id": 4,
        "name": "Oral Care, Including Patients who are NPO,Comatose, Patients with",
        "value": ""
      },
      {
        "id": 5,
        "name": "Pen Care",
        "value": ""
      },
      {
        "id": 6,
        "name": "Foot Care for Patients with Impaired Circulation or Sensation",
        "value": ""
      },
      {
        "id": 7,
        "name": "Incontinence Care",
        "value": ""
      },
      {
        "id": 8,
        "name": "Shaving and Precautions",
        "value": ""
      },
      {
        "id": 9,
        "name": "Reducing Pressure and Friction",
        "value": ""
      },
      {
        "id": 10,
        "name": "Special Beds/Mattresses",
        "value": ""
      },
      {
        "id": 11,
        "name": "Heels and Elbow Protection",
        "value": ""
      },
      {
        "id": 12,
        "name": "Foot Cradles",
        "value": ""
      },
      {
        "id": 13,
        "name": "Use of Shower Chair",
        "value": ""
      },
      {
        "id": 14,
        "name": "Use of Bath/Shower Boat",
        "value": ""
      }
    ]
  },
  {
    "title": "Infection Control",
    "items": [
      {
        "id": 1,
        "name": "Reverse Isolation",
        "value": ""
      },
      {
        "id": 2,
        "name": "Body Substance isolation",
        "value": ""
      },
      {
        "id": 3,
        "name": "TB Precautions",
        "value": ""
      },
      {
        "id": 4,
        "name": "MRSA Precautions",
        "value": ""
      },
      {
        "id": 5,
        "name": "Hand Washing",
        "value": ""
      },
      {
        "id": 6,
        "name": "Infectious/Hazardous Waste Disposal",
        "value": ""
      },
      {
        "id": 7,
        "name": "Supply/Equipment Disposal",
        "value": ""
      },
      {
        "id": 8,
        "name": "Use of Disposable Therrnomete",
        "value": ""
      },
      {
        "id": 9,
        "name": "Use of CPR Mask/Bag",
        "value": ""
      },
      {
        "id": 10,
        "name": "Proper use of Gloves",
        "value": ""
      },
      {
        "id": 11,
        "name": "Proper use of Gown",
        "value": ""
      },
      {
        "id": 12,
        "name": "Proper use of Mask / Goggles",
        "value": ""
      }
    ]
  },
  {
    "title": "Safety and Activity",
    "items": [
      {
        "id": 1,
        "name": "Determining Patient ID",
        "value": ""
      },
      {
        "id": 2,
        "name": "Identifying Safety Hazards",
        "value": ""
      },
      {
        "id": 3,
        "name": "Determining Need for Additional Help",
        "value": ""
      },
      {
        "id": 4,
        "name": "Assessing Safety and ADL Needs",
        "value": ""
      },
      {
        "id": 5,
        "name": "Assessing Safety and ADL Needs",
        "value": ""
      },
      {
        "id": 6,
        "name": "Recognizing Abuse: Substance, Physical, Emotional, etc",
        "value": ""
      },
      {
        "id": 7,
        "name": "MaintainingClean, Orderly Work Area ",
        "value": ""
      },
      {
        "id": 8,
        "name": "Disposing of Sharps",
        "value": ""
      },
      {
        "id": 9,
        "name": "Handling Hazardous Materials",
        "value": ""
      },
      {
        "id": 10,
        "name": "Proper Body Mechanics",
        "value": ""
      },
      {
        "id": 11,
        "name": "ROM Exercises",
        "value": ""
      },
      {
        "id": 12,
        "name": "Transferring to Bed,WC, Commode, etc",
        "value": ""
      },
      {
        "id": 13,
        "name": "Turning and Positioning",
        "value": ""
      },
      {
        "id": 14,
        "name": "Patient Safety Module",
        "value": ""
      },
      {
        "id": 15,
        "name": "Reporting Broken Equipment",
        "value": ""
      },
      {
        "id": 16,
        "name": "Responding to Safety Hazards",
        "value": ""
      },
      {
        "id": 17,
        "name": "Use of HoyerLift (Dextra /Maxi)",
        "value": ""
      },
      {
        "id": 18,
        "name": "Bed Operation",
        "value": ""
      },
      {
        "id": 19,
        "name": "Use of Wheel Locks",
        "value": ""
      },
      {
        "id": 20,
        "name": "Use of Alarms: Bed, Patient, Unit",
        "value": ""
      },
      {
        "id": 21,
        "name": "Use of CaIl Light",
        "value": ""
      },
      {
        "id": 22,
        "name": "Documenting Use of Restraints",
        "value": ""
      },
      {
        "id": 23,
        "name": "Use of Transfer Belt",
        "value": ""
      },
      {
        "id": 24,
        "name": "Use of Gait Belt for Ambulation",
        "value": ""
      },
      {
        "id": 25,
        "name": "Use of Seizure Pads",
        "value": ""
      },
      {
        "id": 26,
        "name": "Belt Including Seat Belt",
        "value": ""
      },
      {
        "id": 27,
        "name": "Wrist/Ankle",
        "value": ""
      },
      {
        "id": 28,
        "name": "Vest",
        "value": ""
      }
    ]
  },
  {
    "title": "Care Routines",
    "items": [
      {
        "id": 1,
        "name": "Inventory andDispositionof Belongings, Useof Checklist",
        "value": ""
      },
      {
        "id": 2,
        "name": "Room Orientation, Call Bell",
        "value": ""
      },
      {
        "id": 3,
        "name": "Transferring into Bed",
        "value": ""
      },
      {
        "id": 4,
        "name": "Call Bell",
        "value": ""
      },
      {
        "id": 5,
        "name": "Assist with Turns",
        "value": ""
      },
      {
        "id": 6,
        "name": "ROM Exercises",
        "value": ""
      },
      {
        "id": 7,
        "name": "Replacing Mask or Nasal Caunula if Needed",
        "value": ""
      },
      {
        "id": 8,
        "name": "Notifying Nurse of Problems",
        "value": ""
      },
      {
        "id": 9,
        "name": "Basic Comfort Measures",
        "value": ""
      },
      {
        "id": 10,
        "name": "Early Bath",
        "value": ""
      },
      {
        "id": 11,
        "name": "Preparing Belongings",
        "value": ""
      },
      {
        "id": 12,
        "name": "Preparingfor and Explaining Routinesto Patient",
        "value": ""
      },
      {
        "id": 13,
        "name": "Post Mortem Care",
        "value": ""
      },
      {
        "id": 14,
        "name": "Use ofIncentive Spirometer",
        "value": ""
      },
      {
        "id": 15,
        "name": "Removing /Replacing: Antiembolic Stockings",
        "value": ""
      },
      {
        "id": 16,
        "name": "Removing /Replacing: Sequential Stockings",
        "value": ""
      }
    ]
  },
  {
    "title": "Communication",
    "items": [
      {
        "id": 1,
        "name": "Using Appropriate Abbreviations",
        "value": ""
      },
      {
        "id": 2,
        "name": "Identifying UnusuaI Patient Incidents that Require Reporting",
        "value": ""
      },
      {
        "id": 3,
        "name": "Reinforcing RN Teaching With Patient",
        "value": ""
      },
      {
        "id": 4,
        "name": "Selecting and Using Forms Appropriately",
        "value": ""
      },
      {
        "id": 5,
        "name": "Using Alternate Communication Tools /Devices",
        "value": ""
      },
      {
        "id": 6,
        "name": "Changes in Patient Condition",
        "value": ""
      },
      {
        "id": 7,
        "name": "Patient Needs, Complaints and Concerns",
        "value": ""
      },
      {
        "id": 8,
        "name": "Unusual Incidents",
        "value": ""
      },
      {
        "id": 9,
        "name": "Recording and Reporting: Vital Signs",
        "value": ""
      },
      {
        "id": 10,
        "name": "Bathing /Hygiene",
        "value": ""
      },
      {
        "id": 11,
        "name": "Turning and Repositioning",
        "value": ""
      },
      {
        "id": 12,
        "name": "Ambulation and Activity",
        "value": ""
      },
      {
        "id": 13,
        "name": "Diet intake, Calorie Count",
        "value": ""
      },
      {
        "id": 14,
        "name": "Bowel Movements",
        "value": ""
      },
      {
        "id": 15,
        "name": "1 & 0: Shift Volumes and Totals",
        "value": ""
      },
      {
        "id": 16,
        "name": "Marking and /or Measuring Amount of Urine, Gastric Fluid, NG Drainage,Emesis, Diarrhea",
        "value": ""
      }
    ]
  },
  {
    "title": "Unit Activity",

    "items": [
      {
        "id": 1,

        "name": "Identifying Unusual Incidents on the Unit that Require Reporting",

        "value": ""
      },

      {
        "id": 2,

        "name": "Locating and Using Appropriate Reference Materials: Hospital and Patient Care ",

        "value": ""
      },

      {
        "id": 3,

        "name": "Charging for Patient Care Items",

        "value": ""
      },

      {
        "id": 4,

        "name": "Completing Risk Management Reports as Needed",

        "value": ""
      },

      {
        "id": 5,

        "name": "Obtaining Needed Supplies and Equipment",

        "value": ""
      },

      {
        "id": 6,

        "name": "Reporting and Following up on Faulty Equipment and Supplies",

        "value": ""
      },

      {
        "id": 7,

        "name": "Using Telephone System",

        "value": ""
      }
    ]
  },
  {
    "title": "Age Specific Competencies",

    "items": [
      {
        "id": 1,

        "name": "Neonatal/Newborn (up to 30 days)",

        "value": ""
      },

      {
        "id": 2,

        "name": "Infant (30 days to 1 year)",

        "value": ""
      },

      {
        "id": 3,

        "name": "Toddler (1 to 3 years)",

        "value": ""
      },

      {
        "id": 4,

        "name": "Preschooler (3 to 5 years)",

        "value": ""
      },

      {
        "id": 5,

        "name": "School age (5 to 12 years)",

        "value": ""
      },

      {
        "id": 6,

        "name": "Adolescents (12 to 18 years)",

        "value": ""
      },

      {
        "id": 7,

        "name": "Young Adults (18 to 39 years)",

        "value": ""
      },

      {
        "id": 8,

        "name": "Middle Adults (40 to 64 years)",

        "value": ""
      },

      {
        "id": 9,

        "name": "Older Adults (65 & up)",

        "value": ""
      }
    ]
  }
]
