[
  {
    "title": "GENERAL NURSING",
    "items": [
      {
        "id": 1,
        "name": "ADMIT / ORIENT VOLUNTARY CLIENTS",
        "value": ""
      },
      {
        "id": 2,
        "name": "ADMIT / ORIENT INVOLUNTARY CLIENTS",
        "value": ""
      },
      {
        "id": 3,
        "name": "INITIAL COMPREHENSIVE ASSESSMENT",
        "value": ""
      },
      {
        "id": 4,
        "name": "INITIAL FOCUSED ASSESSMENT",
        "value": ""
      },
      {
        "id": 5,
        "name": "INITIAL SCREENING ASSESSMENT",
        "value": ""
      },
      {
        "id": 6,
        "name": "INITIATE CARE PLAN",
        "value": ""
      },
      {
        "id": 7,
        "name": "REASSESSMENT / UPDATE CARE PLAN ",
        "value": ""
      },
      {
        "id": 8,
        "name": "MULTI-DISCIPLINARY PLANNING",
        "value": ""
      },
      {
        "id": 9,
        "name": "SUPERVISE UNLICENSED PERSONNEL",
        "value": ""
      },
      {
        "id": 10,
        "name": "VITAL SIGN MONITORING",
        "value": ""
      },
      {
        "id": 11,
        "name": "FULL RESTRAINTS",
        "value": ""
      },
      {
        "id": 12,
        "name": "WRIST RESTRAINTS",
        "value": ""
      },
      {
        "id": 13,
        "name": "AMBULATORY CUFFS",
        "value": ""
      },
      {
        "id": 14,
        "name": "ADMIN / MONITOR TUBE FEEDINGS",
        "value": ""
      },
      {
        "id": 15,
        "name": "ADMIN / MONITOR TUBE FEEDINGS",
        "value": ""
      },
      {
        "id": 16,
        "name": "INSERT / CARE OF FOLEY CATHETER",
        "value": ""
      },
      {
        "id": 17,
        "name": "ASSIST WITH LUMBAR PUNCTURE",
        "value": ""
      },
      {
        "id": 18,
        "name": "ISOLATION TECHNIQUES",
        "value": ""
      },
      {
        "id": 19,
        "name": "ADVANCE DIRECTIVES",
        "value": ""
      },
      {
        "id": 20,
        "name": "PATIENT TEACHING",
        "value": ""
      },
      {
        "id": 21,
        "name": "CASE MANAGER",
        "value": ""
      },
      {
        "id": 22,
        "name": "DISCHARGE PLANNING",
        "value": ""
      },
      {
        "id": 23,
        "name": "DISCHARGE CLIENTS",
        "value": ""
      },
      {
        "id": 24,
        "name": "CULTURAL DIVERSITY",
        "value": ""
      },
      {
        "id": 25,
        "name": "ETHNIC AWARENESS",
        "value": ""
      },
      {
        "id": 26,
        "name": "FORENSIC NURSE",
        "value": ""
      }
    ]
  },
  {
    "title": "CARE OF PSYCH DISORDERS",
    "items": [
      {
        "id": 1,
        "name": "SCHIZOPHRENIA",
        "value": ""
      },
      {
        "id": 2,
        "name": "PARANOID PSYCHOTIC DISORDER",
        "value": ""
      },
      {
        "id": 3,
        "name": "CATATONIC PSYCHOTIC DISORDER",
        "value": ""
      },
      {
        "id": 4,
        "name": "HALLUCINATIONS",
        "value": ""
      },
      {
        "id": 5,
        "name": "BIPOLAR DISORDER",
        "value": ""
      },
      {
        "id": 6,
        "name": "DEPRESSION",
        "value": ""
      },
      {
        "id": 7,
        "name": "SUICIDAL IDEATION / ATTEMPTS",
        "value": ""
      },
      {
        "id": 8,
        "name": "DELUSIONAL DISORDERS",
        "value": ""
      },
      {
        "id": 9,
        "name": "ANXIETY DISORDERS",
        "value": ""
      },
      {
        "id": 10,
        "name": "PANIC ATTACKS",
        "value": ""
      },
      {
        "id": 11,
        "name": "PHOBIAS",
        "value": ""
      },
      {
        "id": 12,
        "name": "OBSESSIVE / COMPULSIVE DISORDER",
        "value": ""
      },
      {
        "id": 13,
        "name": "DISSOCIATIVE IDENTITY DISORDER",
        "value": ""
      },
      {
        "id": 14,
        "name": "SEXUAL DISORDERS",
        "value": ""
      },
      {
        "id": 15,
        "name": "SEXUAL ABUSE / ASSAULT",
        "value": ""
      },
      {
        "id": 16,
        "name": "SURVIVOR OF ABUSE / VIOLENCE",
        "value": ""
      },
      {
        "id": 17,
        "name": "POST TRAUMATIC STRESS DISORDER",
        "value": ""
      },
      {
        "id": 18,
        "name": "SOMATOFORM DISORDERS (PAIN ETC.)",
        "value": ""
      },
      {
        "id": 19,
        "name": "MENTAL RETARDATION",
        "value": ""
      },
      {
        "id": 20,
        "name": "MENTAL RETARDATION",
        "value": ""
      }
    ]
  },
  {
    "title": "CARE OF PSYCH DISORDERS",
    "items": [
      {
        "id": 1,
        "name": "ADHD",
        "value": ""
      },
      {
        "id": 2,
        "name": "DEVELOPMENTAL / AUTISTIC DISORDERS",
        "value": ""
      }
    ]
  },
  {
    "title": "COGNITIVE DISORDERS",
    "items": [
      {
        "id": 1,
        "name": "DELIRIUM",
        "value": ""
      },
      {
        "id": 2,
        "name": "DEMENTIA",
        "value": ""
      },
      {
        "id": 3,
        "name": "ALZHEIMER'S (DEMENTIA)",
        "value": ""
      },
      {
        "id": 4,
        "name": "AMNESTIC DISORDERS",
        "value": ""
      }
    ]
  },
  {
    "title": "PERSONALITY DISORDERS",
    "items": [
      {
        "id": 1,
        "name": "CLUSTER A - PARANOID / SCHIZOID",
        "value": ""
      },
      {
        "id": 2,
        "name": "CLUSTER B - ANTISOCIAL / BORDERLINE",
        "value": ""
      },
      {
        "id": 3,
        "name": "CLUSTER C - ANXIOUS / FEARFUL ",
        "value": ""
      }
    ]
  },
  {
    "title": "EATING DISORDERS:",
    "items": [
      {
        "id": 1,
        "name": "ANOREXIA NERVOSA",
        "value": ""
      },
      {
        "id": 2,
        "name": "BULIMIA NERVOSA",
        "value": ""
      },
      {
        "id": 3,
        "name": "OBESITY",
        "value": ""
      }
    ]
  },

  {
    "title": "SUBSTANCE RELATED DISORDERS",
    "items": [
      {
        "id": 1,
        "name": "ALCOHOL -RELATED",
        "value": ""
      },
      {
        "id": 2,
        "name": "DRUG -RELATED",
        "value": ""
      }
    ]
  },
  {
    "title": "INTERVENTIONS / THERAPIES",
    "items": [
      {
        "id": 1,
        "name": "CRISIS INTERVENTION",
        "value": ""
      },
      {
        "id": 2,
        "name": "THERAPEUTIC COMMUNICATION",
        "value": ""
      },
      {
        "id": 3,
        "name": "THERAPEUTIC MILIEU",
        "value": ""
      },
      {
        "id": 4,
        "name": "EDUCATION OR VOCATIONAL TRAINING",
        "value": ""
      },
      {
        "id": 5,
        "name": "DRUG & ALCOHOL EDUCATION",
        "value": ""
      },
      {
        "id": 6,
        "name": "ELECTROCONVULSIVE THERAPY",
        "value": ""
      }
    ]
  },
  {
    "title": "ALTERNATIVE THERAPIES",
    "items": [
      {
        "id": 1,
        "name": "BIOFEEDBACK",
        "value": ""
      },
      {
        "id": 2,
        "name": "GUIDED IMAGERY",
        "value": ""
      },
      {
        "id": 3,
        "name": "EXPRESSIVE THERAPY (ART, MOVEMENT)",
        "value": ""
      },
      {
        "id": 4,
        "name": "MASSAGE THERAPY",
        "value": ""
      },
      {
        "id": 5,
        "name": "MEDITATION",
        "value": ""
      },
      {
        "id": 6,
        "name": "RECREATIONAL THERAPY",
        "value": ""
      },
      {
        "id": 7,
        "name": "THERAPEUTIC TOUCH ",
        "value": ""
      }
    ]
  },
  {
    "title": "CONDUCTING PSYCHOTHERAPY",
    "items": [
      {
        "id": 1,
        "name": "INDIVIDUAL",
        "value": ""
      },
      {
        "id": 2,
        "name": "GROUP",
        "value": ""
      },
      {
        "id": 3,
        "name": "COUPLE / FAMILY",
        "value": ""
      },
      {
        "id": 4,
        "name": "BEHAVIORAL",
        "value": ""
      }
    ]
  },
  {
    "title": "MEDS / IV THERAPY",
    "items": [
      {
        "id": 1,
        "name": "ADMINISTER PO MEDICATIONS",
        "value": ""
      },
      {
        "id": 2,
        "name": "ADMINISTER NG / GT MEDS",
        "value": ""
      },
      {
        "id": 3,
        "name": "ADMINISTER RECTAL MEDICATIONS",
        "value": ""
      },
      {
        "id": 4,
        "name": "ADMINISTER IM & SQ MEDS",
        "value": ""
      },
      {
        "id": 5,
        "name": "PERIPHERAL IV INSERTION",
        "value": ""
      },
      {
        "id": 6,
        "name": "USE OF HEPARIN / SALINE LOCKS",
        "value": ""
      },
      {
        "id": 7,
        "name": "ADMINISTER IV MEDICATIONS",
        "value": ""
      },
      {
        "id": 8,
        "name": "NEEDLE - LESS SYSTEMS",
        "value": ""
      },
      {
        "id": 9,
        "name": "CARE OF CENTRAL LINES",
        "value": ""
      },
      {
        "id": 10,
        "name": "CARE OF PICC LINES",
        "value": ""
      },
      {
        "id": 11,
        "name": "ADMIN OF HYPERALIMENTATION",
        "value": ""
      },
      {
        "id": 12,
        "name": "ADMIN OF BLOOD / BLOOD PRODUCTS",
        "value": ""
      },
      {
        "id": 13,
        "name": "INFUSION PUMPS",
        "value": ""
      },
      {
        "id": 14,
        "name": "DISCONTINUE PERIPHERAL IVS",
        "value": ""
      },
      {
        "id": 15,
        "name": "VENIPUNCTURE BLOOD DRAWS",
        "value": ""
      },
      {
        "id": 16,
        "name": "PAIN ASSESSMENT / MANAGEMENT",
        "value": ""
      }
    ]
  },
  {
    "title": "MEDS SIDE EFFECTS - RECOGNITION AND MANAGEMENT",
    "items": [
      {
        "id": 1,
        "name": "BLURRED VISION",
        "value": ""
      },
      {
        "id": 2,
        "name": "CONSTIPATION",
        "value": ""
      },
      {
        "id": 3,
        "name": "DROWSINESS",
        "value": ""
      },
      {
        "id": 4,
        "name": "DRY MOUTH",
        "value": ""
      },
      {
        "id": 5,
        "name": "GASTROINTESTINAL EFFECTS",
        "value": ""
      },
      {
        "id": 6,
        "name": "HYPO / HYPERGLYCEMIA",
        "value": ""
      },
      {
        "id": 7,
        "name": "HYPOTENSION / ORTHOSTATIC",
        "value": ""
      },
      {
        "id": 8,
        "name": "INSOMNIA",
        "value": ""
      },
      {
        "id": 9,
        "name": "CHANGES IN LIBIDO",
        "value": ""
      },
      {
        "id": 10,
        "name": "TACHYCARDIA",
        "value": ""
      },
      {
        "id": 11,
        "name": "URINARY RETENTION",
        "value": ""
      },
      {
        "id": 12,
        "name": "WEIGHT GAIN",
        "value": ""
      },
      {
        "id": 13,
        "name": "PARKINSONISM SYMPTOMS",
        "value": ""
      },
      {
        "id": 14,
        "name": "AKATHISIA (MOTOR RESTLESSNESS)",
        "value": ""
      },
      {
        "id": 15,
        "name": "ACUTE DYSTONIC REACTIONS",
        "value": ""
      },
      {
        "id": 16,
        "name": "TARDIVE DYSKINESIA",
        "value": ""
      },
      {
        "id": 17,
        "name": "NEUROLEPTIC MALIGNANT SYNDROME",
        "value": ""
      }
    ]
  },
  {
    "title": "PSYCHOTROPIC AGENTS",

    "items": [
      {
        "id": 1,

        "name": "RAPID TRANQUILIZATION",

        "value": ""
      },

      {
        "id": 2,

        "name": "ANTIPSYCHOTIC AGENTS",

        "value": ""
      },

      {
        "id": 3,

        "name": "HYPNOTICS",

        "value": ""
      },

      {
        "id": 4,

        "name": "ANTIANXIETY AGENTS",

        "value": ""
      },

      {
        "id": 5,

        "name": "ANTIDEPRESSANTS / MOOD ELEVATORS",

        "value": ""
      },

      {
        "id": 6,

        "name": "ANTIMANIC AGENTS",

        "value": ""
      },

      {
        "id": 7,

        "name": "ANTICONVULSANTS",

        "value": ""
      },
      {
        "id": 7,

        "name": "ANTICHOLINERGICS / ANTIPARKINSONS",

        "value": ""
      }
    ]
  },
  {
    "title": "Age Specific Competencies",

    "items": [
      {
        "id": 1,

        "name": "Neonatal/Newborn (up to 30 days)",

        "value": ""
      },

      {
        "id": 2,

        "name": "Infant (30 days to 1 year)",

        "value": ""
      },

      {
        "id": 3,

        "name": "Toddler (1 to 3 years)",

        "value": ""
      },

      {
        "id": 4,

        "name": "Preschooler (3 to 5 years)",

        "value": ""
      },

      {
        "id": 5,

        "name": "School age (5 to 12 years)",

        "value": ""
      },

      {
        "id": 6,

        "name": "Adolescents (12 to 18 years)",

        "value": ""
      },

      {
        "id": 7,

        "name": "Young Adults (18 to 39 years)",

        "value": ""
      },

      {
        "id": 8,

        "name": "Middle Adults (40 to 64 years)",

        "value": ""
      },

      {
        "id": 9,

        "name": "Older Adults (65 & up)",

        "value": ""
      }
    ]
  }
]
