[
  {
    "title": "TRAUMA",
    "items": [
      {
        "id": 1,
        "name": "Minor Trauma",
        "value": ""
      },
      {
        "id": 2,
        "name": "Major Trauma ",
        "value": ""
      },
      {
        "id": 3,
        "name": "MAST Suit ",
        "value": ""
      }
    ]
  },
  {
    "title": "BURNS",
    "items": [
      {
        "id": 1,
        "name": "First Degree",
        "value": ""
      },
      {
        "id": 2,
        "name": "Second Degree",
        "value": ""
      },
      {
        "id": 3,
        "name": "Third Degree",
        "value": ""
      },
      {
        "id": 4,
        "name": "Electrocution",
        "value": ""
      },
      {
        "id": 5,
        "name": "Hazardous Materials Exposure",
        "value": ""
      }
    ]
  },
  {
    "title": "LACERATIONS ",
    "items": [
      {
        "id": 1,
        "name": "Assessment",
        "value": ""
      },
      {
        "id": 2,
        "name": "Cleansing",
        "value": ""
      },
      {
        "id": 3,
        "name": "Steri-Strips",
        "value": ""
      },
      {
        "id": 4,
        "name": "Dressing",
        "value": ""
      }
    ]
  },
  {
    "title": "SPRAIN/STRAIN",
    "items": [
      {
        "id": 1,
        "name": "Assessment",
        "value": ""
      },
      {
        "id": 2,
        "name": "Carpal Tunnel",
        "value": ""
      },
      {
        "id": 3,
        "name": "Tendonitis ",
        "value": ""
      },
      {
        "id": 4,
        "name": "Epicondylitis",
        "value": ""
      }
    ]
  },
  {
    "title": "PHYSICALS",
    "items": [
      {
        "id": 1,
        "name": "Safety",
        "value": ""
      },
      {
        "id": 2,
        "name": "Return to Work",
        "value": ""
      },
      {
        "id": 3,
        "name": "Respirator",
        "value": ""
      },
      {
        "id": 4,
        "name": "Vital Signs",
        "value": ""
      },
      {
        "id": 5,
        "name": "Height/Weight",
        "value": ""
      },
      {
        "id": 6,
        "name": "Blood Draw",
        "value": ""
      },
      {
        "id": 7,
        "name": "Medical Referral Form",
        "value": ""
      },
      {
        "id": 8,
        "name": "Medical Certification Form",
        "value": ""
      },
      {
        "id": 9,
        "name": "Medical History Questionnaire",
        "value": ""
      },
      {
        "id": 10,
        "name": "Potassium Iodine Assessment",
        "value": ""
      }
    ]
  },

  {
    "title": "RESTRICTIONS",
    "items": [
      {
        "id": 1,
        "name": "Temporary Restrictions",
        "value": ""
      },
      {
        "id": 2,
        "name": "Permanent Restrictions",
        "value": ""
      },
      {
        "id": 3,
        "name": "Pulmonary Function",
        "value": ""
      },
      {
        "id": 4,
        "name": "Audiometry",
        "value": ""
      },
      {
        "id": 5,
        "name": "Vision Testing",
        "value": ""
      },
      {
        "id": 6,
        "name": "X-ray",
        "value": ""
      },
      {
        "id": 7,
        "name": "Urine Testing ",
        "value": ""
      },
      {
        "id": 8,
        "name": "Drug Testing",
        "value": ""
      },
      {
        "id": 9,
        "name": "Breathalyzer",
        "value": ""
      }
    ]
  },
  {
    "title": "IMMUNIZATIONS",
    "items": [
      {
        "id": 1,
        "name": "Havrix (Hepatitis A)",
        "value": ""
      },
      {
        "id": 2,
        "name": "Influenza Vaccine",
        "value": ""
      },
      {
        "id": 3,
        "name": "Meningitis Vaccine",
        "value": ""
      },
      {
        "id": 4,
        "name": "Tetanus & Diphtheria",
        "value": ""
      },
      {
        "id": 5,
        "name": "Oral Typhoid Vaccine",
        "value": ""
      },
      {
        "id": 6,
        "name": "Polio Vaccine",
        "value": ""
      },
      {
        "id": 7,
        "name": "Hepatitis B Vaccine",
        "value": ""
      },
      {
        "id": 8,
        "name": "Japanese Encephalitis B",
        "value": ""
      },
      {
        "id": 9,
        "name": "Rabies Vaccine",
        "value": ""
      },
      {
        "id": 10,
        "name": "Typhim (Injectable Type)",
        "value": ""
      },
      {
        "id": 11,
        "name": "Yellow Fever Vaccine",
        "value": ""
      },
      {
        "id": 12,
        "name": "Hepatitis B Vaccine",
        "value": ""
      }
    ]
  },

  {
    "title": "Age Specific Competencies",

    "items": [
      {
        "id": 1,

        "name": "Neonatal/Newborn (up to 30 days)",

        "value": ""
      },

      {
        "id": 2,

        "name": "Infant (30 days to 1 year)",

        "value": ""
      },

      {
        "id": 3,

        "name": "Toddler (1 to 3 years)",

        "value": ""
      },

      {
        "id": 4,

        "name": "Preschooler (3 to 5 years)",

        "value": ""
      },

      {
        "id": 5,

        "name": "School age (5 to 12 years)",

        "value": ""
      },

      {
        "id": 6,

        "name": "Adolescents (12 to 18 years)",

        "value": ""
      },

      {
        "id": 7,

        "name": "Young Adults (18 to 39 years)",

        "value": ""
      },

      {
        "id": 8,

        "name": "Middle Adults (40 to 64 years)",

        "value": ""
      },

      {
        "id": 9,

        "name": "Older Adults (65 & up)",

        "value": ""
      }
    ]
  }
]
